dayOfWeek,hourOfDay,P1,P2,year,month
Monday,9,22.93,4.97,2018,12
Monday,10,38.72565217391304,7.0395652173913055,2018,12
Monday,11,27.256956521739134,5.511304347826088,2018,12
Monday,12,29.478333333333335,5.859583333333333,2018,12
Monday,13,18.29375,3.6720833333333336,2018,12
Monday,14,7.484999999999999,2.2159090909090913,2018,12
Monday,15,2.410476190476191,1.0176190476190474,2018,12
Monday,16,4.122857142857143,1.41,2018,12
Monday,17,6.099583333333332,2.1287499999999997,2018,12
Monday,18,6.0,2.65,2018,12
