dayOfWeek,hourOfDay,P1,P2,year,month
Wednesday,15,8.568000000000001,6.146,2019,8
Wednesday,16,6.079999999999999,4.153333333333333,2019,8
Wednesday,17,5.701666666666667,4.5575,2019,8
Wednesday,18,7.159999999999999,5.822857142857143,2019,8
