dayOfWeek,hourOfDay,P1,P2,year,month
Friday,10,37.13,6.78,2019,10
Friday,11,28.329583333333343,6.134583333333333,2019,10
Friday,12,29.27916666666668,6.258749999999999,2019,10
Friday,13,25.443333333333328,5.654583333333332,2019,10
Friday,14,16.640416666666667,4.392083333333334,2019,10
Friday,15,15.649333333333333,4.289333333333333,2019,10
Thursday,17,10.061,4.161,2019,10
Thursday,18,5.891249999999999,3.414583333333333,2019,10
Thursday,19,3.694375,2.4799999999999995,2019,10
Tuesday,11,7.140833333333334,2.140833333333333,2019,10
Tuesday,12,6.302916666666668,2.0345833333333334,2019,10
Tuesday,13,4.916250000000001,1.897083333333333,2019,10
Tuesday,14,5.7309090909090905,1.6927272727272729,2019,10
Tuesday,15,7.013636363636363,1.9459090909090913,2019,10
Tuesday,16,5.506363636363636,2.1718181818181823,2019,10
