dayOfWeek,hourOfDay,P1,P2,year,month
Thursday,14,13.834999999999999,3.02,2019,12
Thursday,15,10.170400000000003,2.766,2019,12
Thursday,16,11.111249999999998,2.8045833333333334,2019,12
Thursday,17,10.270833333333334,2.9958333333333322,2019,12
Thursday,18,10.487826086956522,2.7926086956521745,2019,12
Thursday,19,9.097500000000002,2.61375,2019,12
Thursday,20,8.276800000000001,2.1708000000000003,2019,12
Thursday,21,5.423,1.8930000000000002,2019,12
