dayOfWeek,hourOfDay,P1,P2,year,month
Wednesday,15,8.568,6.146,2019,8
Wednesday,16,6.080000000000002,4.153333333333332,2019,8
Wednesday,17,5.701666666666668,4.5575,2019,8
Wednesday,18,7.159999999999999,5.822857142857143,2019,8
