dayOfWeek,hourOfDay,P1,P2,year,month
Monday,0,0.55,0.27,2020,6
Monday,1,0.45,0.165,2020,6
Monday,2,0.35,0.085,2020,6
Monday,3,0.5666666666666667,0.18333333333333335,2020,6
Monday,4,0.4,0.175,2020,6
Monday,5,1.35,0.345,2020,6
Monday,6,1.0499999999999998,0.22999999999999998,2020,6
Monday,7,0.65,0.285,2020,6
Monday,8,1.5499999999999998,0.62,2020,6
Monday,9,0.6499999999999999,0.265,2020,6
Monday,10,0.4,0.16999999999999998,2020,6
Monday,11,0.26666666666666666,0.07333333333333333,2020,6
Monday,12,0.4,0.11,2020,6
Monday,13,0.35,0.08,2020,6
Monday,14,0.35,0.18,2020,6
Monday,15,0.9500000000000001,0.235,2020,6
Monday,16,0.65,0.38,2020,6
Monday,17,0.7,0.235,2020,6
Monday,18,0.6499999999999999,0.21000000000000002,2020,6
Monday,19,0.5,0.17,2020,6
Monday,20,0.9333333333333332,0.39666666666666667,2020,6
Monday,21,2.1,0.45,2020,6
Monday,22,1.4,0.645,2020,6
Monday,23,1.2000000000000002,0.63,2020,6
