dayOfWeek,hourOfDay,P1,P2,year,month
Tuesday,10,19.807000000000002,10.558,2021,11
Tuesday,11,20.667368421052636,11.138947368421054,2021,11
Tuesday,12,14.668823529411766,8.485294117647058,2021,11
Tuesday,13,10.083684210526316,4.9184210526315795,2021,11
Tuesday,14,12.497391304347824,5.802608695652173,2021,11
Tuesday,15,11.72,5.697083333333333,2021,11
Tuesday,16,17.653200000000002,9.2392,2021,11
Tuesday,17,16.341199999999997,9.0672,2021,11
Tuesday,18,20.52625,10.940000000000003,2021,11
Tuesday,19,27.1644,14.5452,2021,11
Tuesday,20,21.694800000000004,12.665999999999999,2021,11
Tuesday,21,20.963750000000005,11.94083333333333,2021,11
Tuesday,22,14.787599999999998,9.1352,2021,11
Tuesday,23,10.671666666666669,7.126666666666666,2021,11
