dayOfWeek,hourOfDay,P1,P2,year,month
Wednesday,0,10.999545454545455,2.1672727272727275,2021,12
Wednesday,1,11.368571428571428,2.2485714285714287,2021,12
Wednesday,2,7.763809523809525,1.8166666666666669,2021,12
Wednesday,3,2.6528571428571426,0.7447619047619046,2021,12
Wednesday,4,3.3754166666666667,0.7458333333333332,2021,12
Wednesday,5,3.0991304347826087,0.6573913043478261,2021,12
Wednesday,6,2.3242105263157904,0.6073684210526316,2021,12
Wednesday,7,5.36695652173913,0.9652173913043479,2021,12
Wednesday,8,9.021739130434783,1.5443478260869563,2021,12
Wednesday,9,7.884583333333333,1.493333333333333,2021,12
Wednesday,10,7.8738095238095225,1.4485714285714284,2021,12
Wednesday,11,6.527826086956522,1.2456521739130435,2021,12
Wednesday,12,4.827619047619048,0.9666666666666667,2021,12
Wednesday,13,3.456666666666667,0.7666666666666666,2021,12
Wednesday,14,3.51,0.7342105263157895,2021,12
Wednesday,15,6.380952380952381,1.3714285714285712,2021,12
Wednesday,16,9.682083333333333,1.7366666666666672,2021,12
Wednesday,17,7.075416666666666,1.7254166666666668,2021,12
Wednesday,18,2.2520000000000007,1.1644000000000003,2021,12
Wednesday,19,3.297083333333333,1.4625000000000004,2021,12
Wednesday,20,3.9108333333333323,1.6454166666666667,2021,12
Wednesday,21,3.299583333333334,1.2916666666666665,2021,12
Wednesday,22,3.5917391304347825,1.2552173913043476,2021,12
Wednesday,23,2.7166666666666663,0.9942857142857144,2021,12
