dayOfWeek,hourOfDay,P1,P2,year,month
Wednesday,15,11.841666666666667,2.0749999999999997,2021,12
Wednesday,16,16.11681818181818,2.5177272727272726,2021,12
Wednesday,17,14.943750000000001,2.3475,2021,12
Wednesday,18,9.849600000000002,1.7316000000000003,2021,12
Wednesday,19,12.294583333333335,2.0820833333333333,2021,12
Wednesday,20,12.1988,2.1855999999999995,2021,12
Wednesday,21,12.917083333333332,2.2450000000000006,2021,12
Wednesday,22,13.3344,2.2092,2021,12
Wednesday,23,12.746250000000002,2.145,2021,12
