dayOfWeek,hourOfDay,P1,P2,year,month
Monday,15,11.220769230769232,3.0923076923076924,2021,11
Monday,16,11.271999999999998,3.0976000000000004,2021,11
Monday,17,17.1325,5.449583333333333,2021,11
Monday,18,20.078799999999998,6.8688,2021,11
Monday,19,41.0472,15.0376,2021,11
Monday,20,24.427916666666665,10.114583333333332,2021,11
Monday,21,23.266399999999997,9.113199999999999,2021,11
Monday,22,22.079583333333332,8.503333333333334,2021,11
Monday,23,24.54875,9.7675,2021,11
Tuesday,0,26.629199999999997,11.5628,2021,11
Tuesday,1,29.35416666666667,12.714166666666664,2021,11
Tuesday,2,33.574799999999996,14.569599999999998,2021,11
Tuesday,3,31.06833333333334,13.704583333333334,2021,11
Tuesday,4,30.121600000000004,13.371599999999999,2021,11
Tuesday,5,32.955999999999996,14.400799999999998,2021,11
Tuesday,6,36.614799999999995,15.6068,2021,11
Tuesday,7,35.827083333333334,15.93875,2021,11
Tuesday,8,35.007999999999996,15.345200000000002,2021,11
Tuesday,9,31.48458333333333,14.783333333333333,2021,11
Tuesday,10,32.477727272727265,15.108636363636363,2021,11
Tuesday,11,33.701428571428565,15.35857142857143,2021,11
Tuesday,12,22.702352941176464,9.967058823529412,2021,11
Tuesday,13,26.327499999999997,6.513499999999999,2021,11
Tuesday,14,15.581,6.191000000000001,2021,11
Tuesday,15,14.832916666666664,6.576250000000002,2021,11
Tuesday,16,20.203200000000002,9.326799999999999,2021,11
Tuesday,17,22.3404,10.4876,2021,11
Tuesday,18,29.436249999999998,13.806249999999999,2021,11
Tuesday,19,30.244,15.223199999999999,2021,11
Tuesday,20,25.177916666666665,13.115000000000002,2021,11
Tuesday,21,18.251600000000007,10.206,2021,11
Tuesday,22,16.164400000000004,9.096400000000001,2021,11
Tuesday,23,13.354999999999997,7.903749999999999,2021,11
