dayOfWeek,hourOfDay,P1,P2,year,month
Wednesday,0,13.863181818181816,2.5431818181818184,2021,12
Wednesday,1,13.712499999999999,2.43125,2021,12
Wednesday,2,10.073043478260868,2.138260869565218,2021,12
Wednesday,3,3.4696,0.8420000000000001,2021,12
Wednesday,4,4.070833333333333,0.8679166666666668,2021,12
Wednesday,5,3.8036000000000003,0.8476,2021,12
Wednesday,6,3.563478260869565,0.7473913043478262,2021,12
Wednesday,7,5.780399999999999,1.1231999999999998,2021,12
Wednesday,8,10.8375,2.1162499999999995,2021,12
Wednesday,9,11.487999999999996,2.067,2021,12
Wednesday,10,10.946363636363635,1.9822727272727272,2021,12
Wednesday,11,8.415,1.6050000000000002,2021,12
Wednesday,12,7.509333333333332,1.3760000000000006,2021,12
Wednesday,13,4.43157894736842,1.0210526315789472,2021,12
Wednesday,14,4.375238095238095,0.9547619047619048,2021,12
Wednesday,15,8.59,1.7580000000000002,2021,12
Wednesday,16,9.579166666666664,2.11,2021,12
Wednesday,17,8.3648,2.5236,2021,12
Wednesday,18,3.99,1.9566666666666663,2021,12
Wednesday,19,5.549583333333332,2.7762500000000006,2021,12
Wednesday,20,5.449999999999999,2.482083333333333,2021,12
Wednesday,21,4.7252,1.8907999999999998,2021,12
Wednesday,22,6.981249999999999,3.0950000000000006,2021,12
Wednesday,23,6.420000000000001,2.619583333333333,2021,12
