dayOfWeek,hourOfDay,P1,P2,year,month
Friday,0,3.7039999999999997,1.7443999999999995,2022,4
Friday,1,3.386086956521739,1.3030434782608693,2022,4
Friday,2,2.942083333333333,1.16875,2022,4
Friday,3,3.1359999999999997,1.2016,2022,4
Friday,4,3.5786956521739124,1.0978260869565215,2022,4
Friday,5,3.6049999999999995,1.0655,2022,4
Friday,6,2.7084615384615387,1.129230769230769,2022,4
Friday,7,4.3308,1.5504000000000002,2022,4
Friday,8,2.8156521739130436,1.3304347826086955,2022,4
Friday,9,3.2529999999999992,1.1779999999999997,2022,4
Friday,10,3.0252941176470585,0.8741176470588234,2022,4
Friday,11,3.381176470588236,0.8970588235294118,2022,4
Friday,12,2.4365217391304346,0.9386956521739129,2022,4
Friday,13,2.3369999999999993,0.9730000000000001,2022,4
Friday,14,3.0508333333333333,1.4000000000000001,2022,4
Friday,15,2.64875,1.1591666666666667,2022,4
Friday,16,2.7356,1.3292000000000002,2022,4
Friday,17,2.856666666666667,1.4191666666666667,2022,4
Friday,18,4.8379166666666675,2.1583333333333328,2022,4
Friday,19,10.431499999999996,4.531499999999999,2022,4
Friday,20,8.115,4.534166666666667,2022,4
Friday,21,5.7458333333333345,3.2929166666666667,2022,4
Friday,22,6.561739130434782,3.9447826086956526,2022,4
Friday,23,7.008000000000001,4.566399999999999,2022,4
Saturday,0,10.512499999999998,6.086666666666665,2022,4
Saturday,1,9.6976,5.629999999999999,2022,4
Saturday,2,9.102500000000001,5.2375,2022,4
Saturday,3,9.165999999999999,5.2048000000000005,2022,4
Saturday,4,10.1,5.695833333333333,2022,4
Saturday,5,9.977083333333335,5.482499999999999,2022,4
Saturday,6,13.280869565217392,7.210434782608695,2022,4
Saturday,7,9.676086956521738,5.240434782608695,2022,4
Saturday,8,3.97625,1.6987500000000002,2022,4
Saturday,9,6.388571428571427,3.204285714285714,2022,4
Saturday,10,6.657500000000001,3.5084999999999993,2022,4
Saturday,11,4.875909090909091,2.3968181818181815,2022,4
Saturday,12,4.766,2.1710000000000003,2022,4
Saturday,13,6.398571428571429,3.117857142857143,2022,4
Saturday,14,5.923636363636363,3.352727272727272,2022,4
Saturday,15,4.2716666666666665,2.2374999999999994,2022,4
Saturday,16,4.615294117647059,2.570588235294118,2022,4
Saturday,17,4.134,2.5534999999999997,2022,4
Saturday,18,5.5032,3.0551999999999997,2022,4
Saturday,19,10.902173913043477,5.288695652173914,2022,4
Saturday,20,11.697083333333333,6.286666666666668,2022,4
Saturday,21,18.07217391304348,10.100434782608692,2022,4
Saturday,22,14.753333333333336,8.1125,2022,4
Saturday,23,13.140909090909094,6.883636363636364,2022,4
