dayOfWeek,hourOfDay,P1,P2,year,month
Monday,7,13.268749999999999,3.5275,2022,1
Monday,8,11.331250000000002,3.141666666666667,2022,1
Monday,9,11.691199999999998,3.6844,2022,1
Monday,10,12.709130434782608,3.796521739130436,2022,1
Monday,11,10.775999999999998,2.6439999999999992,2022,1
Monday,12,7.263199999999999,2.0787999999999998,2022,1
Monday,13,8.251666666666665,1.88,2022,1
Monday,14,2.6045833333333337,1.1516666666666666,2022,1
Monday,15,1.7895833333333329,0.74375,2022,1
Monday,16,1.9368,1.02,2022,1
Monday,17,2.6804,1.4172,2022,1
Monday,18,3.7554166666666675,2.6170833333333334,2022,1
Monday,19,5.328399999999999,3.8168000000000006,2022,1
Monday,20,8.99625,5.995416666666665,2022,1
Monday,21,13.921599999999998,7.105600000000002,2022,1
Monday,22,7.249200000000001,4.646,2022,1
Monday,23,7.470833333333332,4.473333333333334,2022,1
