dayOfWeek,hourOfDay,P1,P2,year,month
Saturday,0,26.319999999999997,5.224347826086956,2022,10
Saturday,1,19.37176470588235,2.921764705882353,2022,10
Saturday,2,25.13764705882353,3.1670588235294117,2022,10
Saturday,3,20.6444,3.2891999999999997,2022,10
Saturday,4,16.4688,2.8040000000000003,2022,10
Saturday,5,15.7575,2.73625,2022,10
Saturday,6,19.3325,3.0750000000000006,2022,10
Saturday,7,16.425200000000004,2.7704000000000004,2022,10
Saturday,8,17.262105263157892,2.7526315789473683,2022,10
Saturday,9,15.73,2.7046666666666668,2022,10
Saturday,10,14.934782608695652,2.6217391304347823,2022,10
Saturday,11,13.752857142857144,2.588571428571428,2022,10
Saturday,12,14.28416666666667,2.7675,2022,10
Saturday,13,14.212857142857143,3.0342857142857147,2022,10
Saturday,14,16.450625,3.0718749999999995,2022,10
Saturday,15,17.89095238095238,3.1319047619047615,2022,10
Saturday,16,18.964545454545455,3.2195454545454543,2022,10
Saturday,17,15.9956,2.915200000000001,2022,10
Saturday,18,16.684210526315788,2.82,2022,10
Saturday,19,22.375999999999998,3.4910000000000005,2022,10
Saturday,20,22.670666666666662,4.628,2022,10
Saturday,21,18.18846153846154,2.8146153846153843,2022,10
Saturday,22,18.868235294117646,2.7135294117647057,2022,10
Saturday,23,22.60727272727273,4.6027272727272734,2022,10
