dayOfWeek,hourOfDay,P1,P2,year,month
Saturday,0,26.972272727272728,3.947272727272727,2022,10
Saturday,1,22.380000000000003,3.235882352941176,2022,10
Saturday,2,23.456874999999997,3.2506250000000003,2022,10
Saturday,3,23.453200000000002,3.3931999999999998,2022,10
Saturday,4,21.142500000000002,3.96625,2022,10
Saturday,5,23.713599999999996,4.894,2022,10
Saturday,6,21.912000000000003,3.8264000000000005,2022,10
Saturday,7,17.09125,2.8575,2022,10
Saturday,8,14.969545454545456,2.6718181818181814,2022,10
Saturday,9,16.889411764705887,2.674117647058824,2022,10
Saturday,10,14.554347826086959,2.4343478260869564,2022,10
Saturday,11,12.628333333333332,2.445,2022,10
Saturday,12,11.681818181818182,2.222727272727272,2022,10
Saturday,13,14.912307692307694,2.573846153846154,2022,10
Saturday,14,18.45611111111111,2.8427777777777776,2022,10
Saturday,15,19.084444444444443,2.863888888888889,2022,10
Saturday,16,19.842857142857145,3.011904761904762,2022,10
Saturday,17,17.724400000000003,2.6164000000000005,2022,10
Saturday,18,18.599999999999998,2.5670588235294116,2022,10
Saturday,19,22.707,3.3869999999999996,2022,10
Saturday,20,20.84125,3.2650000000000006,2022,10
Saturday,21,17.365,3.00125,2022,10
Saturday,22,18.60764705882353,2.975882352941176,2022,10
Saturday,23,19.870769230769234,2.9507692307692306,2022,10
Sunday,0,17.45416666666667,2.620833333333333,2022,10
Sunday,1,15.580555555555557,2.6211111111111114,2022,10
Sunday,2,16.32210526315789,2.9005263157894734,2022,10
Sunday,3,16.577142857142853,3.0785714285714283,2022,10
Sunday,4,15.350769230769231,3.371538461538462,2022,10
Sunday,5,11.120999999999999,2.0349999999999997,2022,10
Sunday,6,8.351875,1.680625,2022,10
Sunday,7,9.094545454545456,1.7090909090909088,2022,10
Sunday,8,8.56375,1.6325,2022,10
Sunday,9,6.665,1.95,2022,10
Sunday,10,6.815000000000001,2.0175,2022,10
Sunday,11,6.75,1.8116666666666665,2022,10
Sunday,12,5.2542857142857144,1.4071428571428573,2022,10
Sunday,13,5.5275,1.4449999999999998,2022,10
Sunday,14,4.688000000000001,1.31,2022,10
Sunday,15,6.181428571428571,1.270714285714286,2022,10
Sunday,16,6.191111111111111,1.3644444444444443,2022,10
Sunday,17,6.773333333333333,1.7233333333333332,2022,10
Sunday,18,16.634,7.1739999999999995,2022,10
Sunday,19,31.873333333333328,16.039523809523807,2022,10
Sunday,20,29.69058823529412,12.553529411764703,2022,10
Sunday,21,41.79,19.253333333333334,2022,10
Sunday,22,26.734545454545458,10.486363636363636,2022,10
Sunday,23,24.986363636363638,10.02909090909091,2022,10
