dayOfWeek,hourOfDay,P1,P2,year,month
Friday,0,3.5413043478260864,2.2965217391304353,2022,9
Friday,1,3.8804000000000003,2.5128,2022,9
Friday,2,3.8712500000000003,2.4366666666666665,2022,9
Friday,3,3.5399999999999996,1.97625,2022,9
Friday,4,2.9232,1.7992000000000001,2022,9
Friday,5,3.002916666666667,1.8958333333333333,2022,9
Friday,6,3.571304347826087,2.0630434782608695,2022,9
Friday,7,4.345600000000001,2.0292000000000003,2022,9
Friday,8,4.58875,2.0925000000000007,2022,9
Friday,9,4.198461538461538,1.8607692307692305,2022,9
Friday,10,4.4331249999999995,1.7718749999999999,2022,9
Friday,11,3.298333333333334,1.7108333333333334,2022,9
Friday,12,3.3338461538461535,1.7215384615384615,2022,9
Friday,13,2.86375,1.5075,2022,9
Friday,14,2.7564705882352936,1.6299999999999997,2022,9
Friday,15,2.3580000000000005,1.5091999999999999,2022,9
Friday,16,2.928695652173914,1.6730434782608694,2022,9
Friday,17,4.504545454545454,2.4568181818181816,2022,9
Friday,18,6.964444444444445,3.5966666666666662,2022,9
Friday,19,3.170000000000001,1.6371428571428572,2022,9
Friday,20,3.0649999999999995,1.6124999999999998,2022,9
Friday,21,3.715882352941177,2.066470588235294,2022,9
Friday,22,3.728,1.9973333333333334,2022,9
Friday,23,4.317857142857143,2.94,2022,9
Thursday,0,2.024782608695652,0.748695652173913,2022,9
Thursday,1,1.6452173913043477,0.7591304347826086,2022,9
Thursday,2,2.025,0.8787499999999998,2022,9
Thursday,3,1.792083333333333,0.8612500000000001,2022,9
Thursday,4,2.112083333333333,0.9366666666666666,2022,9
Thursday,5,2.3736363636363635,1.1145454545454545,2022,9
Thursday,6,3.2086956521739127,1.2726086956521738,2022,9
Thursday,7,3.236666666666667,1.3774999999999997,2022,9
Thursday,8,3.6166666666666663,1.2347619047619047,2022,9
Thursday,9,3.3500000000000005,1.1320000000000001,2022,9
Thursday,10,2.616315789473684,1.0742105263157897,2022,9
Thursday,11,2.174166666666667,0.8758333333333335,2022,9
Thursday,12,2.224,1.031,2022,9
Thursday,13,3.2478260869565223,1.351304347826087,2022,9
Thursday,14,2.1821739130434783,1.1869565217391305,2022,9
Thursday,15,2.1079166666666667,1.1450000000000002,2022,9
Thursday,16,2.358125,1.344375,2022,9
Thursday,17,2.004,1.364,2022,9
Thursday,18,2.5406249999999995,1.6724999999999999,2022,9
Thursday,19,2.565,1.5141666666666669,2022,9
Thursday,20,2.331538461538462,1.4115384615384616,2022,9
Thursday,21,2.226842105263158,1.4773684210526314,2022,9
Thursday,22,2.2750000000000004,1.3579166666666669,2022,9
Thursday,23,2.145,1.4091666666666667,2022,9
