dayOfWeek,hourOfDay,P1,P2,year,month
Friday,0,0.6171999999999997,0.2784000000000001,2022,7
Friday,1,0.20041666666666677,0.20041666666666677,2022,7
Friday,2,0.28279999999999994,0.27159999999999995,2022,7
Friday,3,0.5204,0.3184,2022,7
Friday,4,0.40249999999999986,0.31916666666666665,2022,7
Friday,5,0.24291666666666675,0.2208333333333334,2022,7
Friday,6,0.26560000000000006,0.2192,2022,7
Friday,7,1.5656,0.452,2022,7
Friday,8,9.258333333333333,1.8204166666666663,2022,7
Friday,9,8.089047619047621,1.417142857142857,2022,7
Friday,10,4.449473684210528,1.0,2022,7
Friday,11,3.6254166666666663,0.8429166666666666,2022,7
Friday,12,4.645263157894737,0.9152631578947369,2022,7
Friday,13,1.7832,0.5,2022,7
Friday,14,2.9084,0.6679999999999999,2022,7
Friday,15,2.7887500000000003,0.6958333333333333,2022,7
Friday,16,3.479166666666666,0.8595833333333333,2022,7
Friday,17,3.6817391304347824,1.1630434782608694,2022,7
Friday,18,5.544761904761904,1.4642857142857142,2022,7
Friday,19,6.866250000000002,2.1312499999999996,2022,7
Friday,20,7.852400000000001,2.6239999999999997,2022,7
Friday,21,7.288,2.3515999999999995,2022,7
Friday,22,6.820454545454544,2.419545454545454,2022,7
Friday,23,6.392272727272726,2.0150000000000006,2022,7
