dayOfWeek,hourOfDay,P1,P2,year,month
Monday,12,13.02,2.221538461538461,2022,1
Monday,13,13.478,2.1919999999999997,2022,1
Monday,14,13.281111111111114,2.1405555555555558,2022,1
Monday,15,15.724800000000002,2.408,2022,1
Monday,16,19.768800000000002,3.7519999999999993,2022,1
Monday,17,23.365000000000006,4.985,2022,1
Monday,18,24.8756,7.948,2022,1
Monday,19,18.732083333333332,4.37875,2022,1
Monday,20,20.458,5.78,2022,1
Monday,21,21.656363636363636,4.357272727272727,2022,1
Monday,22,21.716666666666665,3.695,2022,1
Monday,23,15.063749999999997,2.430833333333334,2022,1
Tuesday,0,9.514166666666666,1.48625,2022,1
Tuesday,1,14.393333333333336,2.297916666666667,2022,1
Tuesday,2,17.97,2.6269565217391304,2022,1
Tuesday,3,16.007916666666663,2.2325,2022,1
Tuesday,4,17.316666666666663,2.535416666666667,2022,1
Tuesday,5,13.371304347826085,1.6765217391304348,2022,1
Tuesday,6,5.796086956521738,0.9313043478260871,2022,1
Tuesday,7,1.238333333333333,0.8454166666666665,2022,1
Tuesday,8,0.6864000000000001,0.5556,2022,1
Tuesday,9,0.6995652173913044,0.42913043478260865,2022,1
Tuesday,10,1.4919999999999998,0.7345000000000002,2022,1
Tuesday,11,9.15681818181818,3.1213636363636357,2022,1
Tuesday,12,6.35095238095238,1.5033333333333332,2022,1
Tuesday,13,7.907894736842107,2.1694736842105264,2022,1
Tuesday,14,8.227142857142859,1.5952380952380953,2022,1
Tuesday,15,8.43083333333333,1.9241666666666666,2022,1
Tuesday,16,9.83375,2.0437499999999997,2022,1
Tuesday,17,9.71521739130435,2.566956521739131,2022,1
Tuesday,18,8.590400000000002,2.7983999999999996,2022,1
Tuesday,19,8.03217391304348,2.1052173913043477,2022,1
Tuesday,20,9.755833333333332,2.4266666666666663,2022,1
Tuesday,21,7.058333333333333,1.86,2022,1
Tuesday,22,6.4536,1.7495999999999996,2022,1
Tuesday,23,6.256249999999999,1.449166666666667,2022,1
