dayOfWeek,hourOfDay,P1,P2,year,month
Wednesday,15,36.39,18.689999999999998,2022,3
Wednesday,16,36.83375,17.57291666666666,2022,3
Wednesday,17,13.940869565217389,6.44391304347826,2022,3
Wednesday,18,3.4279999999999995,1.3508000000000002,2022,3
Wednesday,19,2.9162500000000002,1.2554166666666664,2022,3
Wednesday,20,3.968,1.8,2022,3
Wednesday,21,7.621666666666666,2.9479166666666665,2022,3
Wednesday,22,9.123333333333331,2.799166666666667,2022,3
Wednesday,23,6.337083333333333,1.9454166666666668,2022,3
