dayOfWeek,hourOfDay,P1,P2,year,month
Thursday,0,29.929166666666664,10.586666666666666,2022,12
Thursday,1,39.66875,10.354999999999999,2022,12
Thursday,2,26.877692307692314,9.742307692307692,2022,12
Thursday,3,31.019411764705886,9.281764705882352,2022,12
Thursday,4,27.049166666666668,9.400000000000004,2022,12
Thursday,5,28.141200000000005,9.266399999999999,2022,12
Thursday,6,31.195000000000004,9.012083333333333,2022,12
Thursday,7,31.0504,7.8248,2022,12
Thursday,8,28.9004,7.934399999999998,2022,12
Thursday,9,33.65782608695652,9.679130434782609,2022,12
Thursday,10,22.114375000000003,9.224375,2022,12
Thursday,11,30.256190476190476,10.59095238095238,2022,12
Thursday,12,40.102500000000006,12.850000000000001,2022,12
Thursday,13,49.52687500000001,18.15875,2022,12
Thursday,14,38.60999999999999,16.32777777777778,2022,12
Thursday,15,25.754736842105267,12.505263157894735,2022,12
Thursday,16,24.907083333333333,11.855000000000002,2022,12
Thursday,17,39.19959999999999,16.354400000000002,2022,12
Thursday,18,28.492608695652166,12.838260869565215,2022,12
Thursday,19,22.261200000000002,10.144399999999997,2022,12
Thursday,20,22.492800000000006,10.183199999999998,2022,12
Thursday,21,17.882380952380956,8.090476190476188,2022,12
Thursday,22,13.64,6.727058823529412,2022,12
Thursday,23,18.348571428571425,6.332857142857144,2022,12
