dayOfWeek,hourOfDay,P1,P2,year,month
Friday,0,9.578333333333335,4.6433333333333335,2022,9
Friday,1,10.264583333333333,5.521666666666666,2022,9
Friday,2,10.875,5.392499999999999,2022,9
Friday,3,9.1996,4.429200000000001,2022,9
Friday,4,9.536799999999998,4.1344,2022,9
Friday,5,11.777499999999998,4.9712499999999995,2022,9
Friday,6,12.3912,5.201999999999999,2022,9
Friday,7,12.009583333333333,4.239583333333333,2022,9
Friday,8,12.545909090909088,3.9222727272727274,2022,9
Friday,9,11.297777777777776,3.438888888888888,2022,9
Friday,10,11.41,3.0749999999999997,2022,9
Friday,11,9.82,2.8946153846153844,2022,9
Friday,12,7.5569999999999995,2.813,2022,9
Friday,13,8.009285714285713,2.707142857142857,2022,9
Friday,14,9.716666666666665,3.2228571428571433,2022,9
Friday,15,7.2088,2.4996000000000005,2022,9
Friday,16,7.26125,2.583333333333333,2022,9
Friday,17,9.023181818181818,2.869545454545455,2022,9
Friday,18,9.994666666666664,3.2286666666666672,2022,9
Friday,19,10.6336,3.415199999999999,2022,9
Friday,20,11.126428571428571,3.9250000000000003,2022,9
Friday,21,11.282499999999999,4.134166666666666,2022,9
Friday,22,11.277333333333333,4.311999999999999,2022,9
Friday,23,12.647272727272725,6.582727272727272,2022,9
Thursday,0,5.170416666666667,1.5079166666666666,2022,9
Thursday,1,5.261666666666666,1.6612500000000001,2022,9
Thursday,2,6.255,1.8266666666666662,2022,9
Thursday,3,6.818260869565217,2.033478260869565,2022,9
Thursday,4,6.264782608695652,2.2356521739130435,2022,9
Thursday,5,8.684800000000001,2.6452,2022,9
Thursday,6,10.166666666666666,2.9754166666666673,2022,9
Thursday,7,10.860416666666667,2.713333333333333,2022,9
Thursday,8,9.743809523809523,2.239047619047619,2022,9
Thursday,9,9.737142857142857,2.033809523809524,2022,9
Thursday,10,8.62409090909091,1.7313636363636362,2022,9
Thursday,11,6.899333333333334,1.5166666666666664,2022,9
Thursday,12,8.107647058823531,1.711764705882353,2022,9
Thursday,13,7.847083333333331,1.9008333333333338,2022,9
Thursday,14,6.8475,1.9995833333333335,2022,9
Thursday,15,6.53217391304348,1.9782608695652177,2022,9
Thursday,16,5.283571428571428,2.2421428571428565,2022,9
Thursday,17,5.770714285714285,2.4107142857142856,2022,9
Thursday,18,6.4879999999999995,2.8989999999999996,2022,9
Thursday,19,6.384,2.654,2022,9
Thursday,20,6.342142857142856,2.415714285714286,2022,9
Thursday,21,8.223888888888887,2.8344444444444443,2022,9
Thursday,22,7.819583333333334,3.1062499999999997,2022,9
Thursday,23,7.902400000000001,2.8612,2022,9
