dayOfWeek,hourOfDay,P1,P2,year,month
Thursday,0,6.413199999999998,1.6439999999999995,2022,3
Thursday,1,9.091666666666667,2.0395833333333333,2022,3
Thursday,2,6.766249999999999,1.6383333333333328,2022,3
Thursday,3,7.6732000000000005,1.5148,2022,3
Thursday,4,10.014999999999999,2.2483333333333335,2022,3
Thursday,5,13.152400000000002,3.5860000000000003,2022,3
Thursday,6,15.901199999999996,5.3839999999999995,2022,3
Thursday,7,20.927083333333336,6.470416666666666,2022,3
Thursday,8,14.445200000000002,3.0739999999999994,2022,3
Thursday,9,7.705833333333332,1.3829166666666666,2022,3
Thursday,10,7.717272727272728,1.3081818181818183,2022,3
Thursday,11,5.550588235294119,0.9888235294117649,2022,3
Thursday,12,4.863333333333333,0.971904761904762,2022,3
Thursday,13,4.705,0.9888888888888889,2022,3
Thursday,14,5.823478260869565,1.111304347826087,2022,3
Thursday,15,8.701199999999998,1.4203999999999999,2022,3
Thursday,16,12.200833333333334,1.9150000000000007,2022,3
Thursday,17,15.420833333333333,2.40875,2022,3
Thursday,18,18.9832,2.9528,2022,3
Thursday,19,21.471666666666668,3.6054166666666667,2022,3
Thursday,20,28.47160000000001,4.0316,2022,3
Thursday,21,27.087500000000002,3.884166666666666,2022,3
Thursday,22,28.655600000000003,4.733199999999999,2022,3
Thursday,23,31.085000000000004,5.858333333333333,2022,3
Wednesday,15,36.39,18.689999999999998,2022,3
Wednesday,16,36.83375,17.57291666666666,2022,3
Wednesday,17,13.940869565217389,6.44391304347826,2022,3
Wednesday,18,3.4279999999999995,1.3508000000000002,2022,3
Wednesday,19,2.9162500000000002,1.2554166666666664,2022,3
Wednesday,20,3.968,1.8,2022,3
Wednesday,21,7.621666666666666,2.9479166666666665,2022,3
Wednesday,22,9.123333333333331,2.799166666666667,2022,3
Wednesday,23,6.337083333333333,1.9454166666666668,2022,3
