dayOfWeek,hourOfDay,P1,P2,year,month
Tuesday,0,9.437916666666665,1.5941666666666672,2022,11
Tuesday,1,15.67458333333333,2.0166666666666666,2022,11
Tuesday,2,19.77125,2.7275000000000005,2022,11
Tuesday,3,19.244347826086955,2.7317391304347827,2022,11
Tuesday,4,16.93708333333333,2.5054166666666666,2022,11
Tuesday,5,16.957199999999997,2.4516000000000004,2022,11
Tuesday,6,12.307499999999997,1.930416666666667,2022,11
Tuesday,7,6.094000000000001,1.1467999999999998,2022,11
Tuesday,8,6.490000000000002,1.18,2022,11
Tuesday,9,5.675000000000001,1.1563636363636365,2022,11
Tuesday,10,5.986190476190476,1.2642857142857142,2022,11
Tuesday,11,2.897222222222222,0.8205555555555556,2022,11
Tuesday,12,4.178095238095238,1.0876190476190475,2022,11
Tuesday,13,6.365,1.239285714285714,2022,11
Tuesday,14,6.379333333333334,1.248,2022,11
Tuesday,15,7.696818181818181,1.6904545454545454,2022,11
Tuesday,16,4.855333333333333,1.1473333333333333,2022,11
Tuesday,17,6.190000000000001,1.5179166666666666,2022,11
Tuesday,18,8.68,1.752,2022,11
Tuesday,19,9.087894736842104,2.1189473684210527,2022,11
Tuesday,20,10.511904761904761,2.43,2022,11
Tuesday,21,10.030526315789475,1.9610526315789472,2022,11
Tuesday,22,6.576521739130436,1.0982608695652174,2022,11
Tuesday,23,9.561428571428571,1.7014285714285713,2022,11
