dayOfWeek,hourOfDay,P1,P2,year,month
Thursday,0,45.06800000000001,12.936799999999998,2022,12
Thursday,1,46.09380952380951,13.01333333333333,2022,12
Thursday,2,37.24076923076923,10.879999999999999,2022,12
Thursday,3,39.32111111111111,10.25111111111111,2022,12
Thursday,4,37.0736,10.054,2022,12
Thursday,5,36.474,9.973199999999999,2022,12
Thursday,6,38.22666666666667,9.402083333333334,2022,12
Thursday,7,40.81840000000001,8.913599999999999,2022,12
Thursday,8,30.722916666666663,8.405833333333332,2022,12
Thursday,9,33.08583333333333,9.845833333333333,2022,12
Thursday,10,28.629,10.009,2022,12
Thursday,11,28.775789473684206,10.439473684210528,2022,12
Thursday,12,30.43111111111111,10.912222222222221,2022,12
Thursday,13,31.971111111111114,12.652777777777779,2022,12
Thursday,14,29.061764705882357,12.459411764705878,2022,12
Thursday,15,26.069090909090907,12.736818181818183,2022,12
Thursday,16,21.87272727272728,11.784999999999998,2022,12
Thursday,17,22.275199999999998,10.874400000000001,2022,12
Thursday,18,25.190799999999996,10.957599999999998,2022,12
Thursday,19,21.679583333333337,9.892500000000002,2022,12
Thursday,20,21.1236,9.6664,2022,12
Thursday,21,17.911500000000004,8.421,2022,12
Thursday,22,14.58875,7.028124999999999,2022,12
Thursday,23,15.105714285714285,6.931428571428571,2022,12
