dayOfWeek,hourOfDay,P1,P2,year,month
Monday,1,15.729999999999999,4.87875,2022,10
Monday,2,12.088,4.314,2022,10
Monday,3,9.40375,3.06625,2022,10
Monday,4,9.525714285714285,2.9914285714285715,2022,10
Monday,5,8.487142857142858,2.5614285714285714,2022,10
Monday,6,11.001666666666665,2.6783333333333332,2022,10
Monday,7,10.396250000000002,2.9075,2022,10
Monday,8,9.107500000000002,2.2024999999999997,2022,10
Monday,9,11.533333333333333,2.51,2022,10
Monday,10,9.7,2.05,2022,10
Monday,11,6.705,1.9774999999999996,2022,10
Monday,12,6.904166666666666,1.4816666666666665,2022,10
Monday,13,7.463076923076924,1.7815384615384613,2022,10
Monday,14,6.964,1.464,2022,10
Monday,15,5.541111111111111,1.3755555555555554,2022,10
Monday,16,4.375882352941176,1.1847058823529413,2022,10
Monday,17,3.79125,1.2518749999999998,2022,10
Monday,18,4.190000000000001,1.832941176470588,2022,10
Monday,19,3.772000000000001,1.8305,2022,10
Monday,20,3.0224999999999995,1.43125,2022,10
Monday,21,3.1872727272727275,1.4890909090909092,2022,10
Monday,22,3.985882352941177,1.5282352941176471,2022,10
Monday,23,3.759333333333333,1.7659999999999996,2022,10
Saturday,0,24.057499999999997,3.6384999999999996,2022,10
Saturday,1,21.790526315789478,3.1542105263157896,2022,10
Saturday,2,22.797222222222224,3.5083333333333337,2022,10
Saturday,3,22.479599999999994,3.5531999999999995,2022,10
Saturday,4,18.9275,2.9670833333333335,2022,10
Saturday,5,19.7132,3.0320000000000005,2022,10
Saturday,6,19.152916666666666,3.0725000000000002,2022,10
Saturday,7,17.2396,3.0176,2022,10
Saturday,8,17.281,2.9425,2022,10
Saturday,9,17.363529411764706,3.014705882352941,2022,10
Saturday,10,15.784,2.7745,2022,10
Saturday,11,16.799999999999997,2.7154545454545445,2022,10
Saturday,12,12.530000000000001,2.5563636363636366,2022,10
Saturday,13,15.586,2.7299999999999995,2022,10
Saturday,14,20.557777777777776,3.4355555555555553,2022,10
Saturday,15,20.697894736842105,3.439473684210527,2022,10
Saturday,16,20.249000000000002,3.2940000000000005,2022,10
Saturday,17,17.581999999999997,3.0263999999999998,2022,10
Saturday,18,16.24736842105263,3.178421052631579,2022,10
Saturday,19,21.71923076923077,3.803846153846154,2022,10
Saturday,20,26.1925,3.85875,2022,10
Saturday,21,26.804000000000002,3.681,2022,10
Saturday,22,23.246111111111112,3.7477777777777783,2022,10
Saturday,23,18.24,2.85,2022,10
Sunday,0,15.904285714285717,2.5957142857142856,2022,10
