dayOfWeek,hourOfDay,P1,P2,year,month
Tuesday,0,15.47,4.795833333333332,2022,11
Tuesday,1,18.6584,2.6004,2022,11
Tuesday,2,22.926666666666662,3.515555555555556,2022,11
Tuesday,3,19.596111111111114,2.9488888888888893,2022,11
Tuesday,4,16.381600000000002,2.3196000000000003,2022,11
Tuesday,5,17.31083333333333,2.3004166666666666,2022,11
Tuesday,6,12.2732,1.9812000000000003,2022,11
Tuesday,7,7.777916666666665,1.3308333333333333,2022,11
Tuesday,8,6.900416666666666,1.3670833333333332,2022,11
Tuesday,9,5.9852,1.2011999999999998,2022,11
Tuesday,10,7.086111111111112,1.2205555555555554,2022,11
Tuesday,11,3.5484999999999998,0.921,2022,11
Tuesday,12,5.348888888888889,1.0861111111111112,2022,11
Tuesday,13,6.348,1.298,2022,11
Tuesday,14,5.918749999999999,1.2518749999999998,2022,11
Tuesday,15,7.147826086956522,1.4317391304347822,2022,11
Tuesday,16,4.7475000000000005,1.2415,2022,11
Tuesday,17,6.964347826086958,1.5047826086956522,2022,11
Tuesday,18,8.854999999999999,2.1100000000000003,2022,11
Tuesday,19,10.32826086956522,2.672608695652174,2022,11
Tuesday,20,10.140799999999999,2.0147999999999997,2022,11
Tuesday,21,9.622777777777777,1.8988888888888888,2022,11
Tuesday,22,8.082608695652175,1.3808695652173915,2022,11
Tuesday,23,10.51,1.7999999999999994,2022,11
