dayOfWeek,hourOfDay,P1,P2,year,month
Tuesday,0,15.18608695652174,2.904347826086956,2022,2
Tuesday,1,15.678260869565221,3.637826086956522,2022,2
Tuesday,2,16.439999999999994,3.7158333333333338,2022,2
Tuesday,3,16.7364,4.0552,2022,2
Tuesday,4,18.263043478260872,4.6817391304347815,2022,2
Tuesday,5,13.804166666666669,3.7604166666666665,2022,2
Tuesday,6,13.882000000000003,4.5047999999999995,2022,2
Tuesday,7,20.353999999999996,6.9412,2022,2
Tuesday,8,24.148695652173917,8.990869565217393,2022,2
Tuesday,9,14.802083333333329,6.139583333333331,2022,2
Tuesday,10,6.0640909090909085,2.7550000000000003,2022,2
Tuesday,11,9.3655,3.7585000000000006,2022,2
Tuesday,12,11.025999999999996,3.5860000000000007,2022,2
Tuesday,13,9.561818181818177,3.3345454545454545,2022,2
Tuesday,14,10.19952380952381,2.631904761904762,2022,2
Tuesday,15,10.457083333333333,3.185,2022,2
Tuesday,16,12.784166666666664,3.9933333333333336,2022,2
Tuesday,17,11.402916666666664,3.1725000000000008,2022,2
Tuesday,18,19.05666666666667,7.881666666666665,2022,2
Tuesday,19,7.360833333333332,2.8108333333333335,2022,2
Tuesday,20,10.366086956521738,3.7573913043478266,2022,2
Tuesday,21,12.009999999999998,4.709999999999999,2022,2
Tuesday,22,10.596400000000001,4.1156,2022,2
Tuesday,23,14.311428571428573,5.9052380952380945,2022,2
