dayOfWeek,hourOfDay,P1,P2,year,month
Wednesday,19,16.54214285714286,3.0450000000000004,2022,5
Wednesday,20,16.586399999999998,3.0471999999999997,2022,5
