dayOfWeek,hourOfDay,P1,P2,year,month
Saturday,19,9.125,4.01,2022,6
Saturday,20,10.20375,4.7475,2022,6
Saturday,21,10.353333333333333,4.727916666666666,2022,6
Saturday,22,10.63173913043478,4.637391304347826,2022,6
Saturday,23,13.246249999999996,5.848333333333333,2022,6
Wednesday,0,8.750400000000003,3.3579999999999997,2022,6
Wednesday,1,5.531499999999999,2.6265000000000005,2022,6
Wednesday,2,8.517619047619046,4.265714285714285,2022,6
Wednesday,3,12.058000000000002,6.329199999999999,2022,6
Wednesday,4,7.173333333333333,3.6629166666666664,2022,6
Wednesday,5,7.922799999999999,4.026400000000001,2022,6
Wednesday,6,5.078399999999999,2.5780000000000003,2022,6
Wednesday,7,2.9925,1.3354166666666665,2022,6
Wednesday,8,2.16625,1.0495833333333333,2022,6
Wednesday,9,2.3776470588235292,1.2152941176470589,2022,6
Wednesday,10,3.3913333333333338,1.5866666666666664,2022,6
Wednesday,11,2.3879999999999995,1.21,2022,6
Wednesday,12,2.3649999999999998,0.9778571428571429,2022,6
Wednesday,13,2.2771428571428567,1.0033333333333334,2022,6
Wednesday,14,2.744166666666666,1.2716666666666667,2022,6
Wednesday,15,1.4183333333333332,0.8670833333333333,2022,6
Wednesday,16,1.5816,0.8476,2022,6
Wednesday,17,1.4504000000000001,0.9188,2022,6
Wednesday,18,2.0045833333333336,1.0158333333333334,2022,6
Wednesday,19,1.72625,0.9408333333333334,2022,6
Wednesday,20,2.8331999999999997,1.4191999999999998,2022,6
Wednesday,21,6.792083333333333,3.254583333333333,2022,6
Wednesday,22,10.16625,5.1875,2022,6
Wednesday,23,13.595625000000002,7.145000000000001,2022,6
