dayOfWeek,hourOfDay,P1,P2,year,month
Monday,0,3.629583333333333,1.4858333333333338,2022,8
Monday,1,2.6142857142857148,0.9171428571428573,2022,8
Monday,2,2.0141666666666667,0.9370833333333332,2022,8
Monday,3,2.6336,0.9387999999999999,2022,8
Monday,4,3.1716666666666664,1.0620833333333335,2022,8
Monday,5,3.1875999999999998,1.064,2022,8
Monday,6,3.5740000000000003,1.0648,2022,8
Monday,7,5.889166666666667,1.3154166666666665,2022,8
Monday,8,3.4139999999999997,0.9311999999999999,2022,8
Monday,9,3.172608695652174,0.8447826086956524,2022,8
Monday,10,3.2940000000000005,0.8375000000000004,2022,8
Monday,11,2.703,0.8480000000000001,2022,8
Monday,12,5.921304347826088,1.1004347826086955,2022,8
Monday,13,2.0395652173913046,0.733913043478261,2022,8
Monday,14,2.1484000000000005,0.7827999999999998,2022,8
Monday,15,2.391666666666667,0.8866666666666666,2022,8
Monday,16,2.3539999999999996,1.0744,2022,8
Monday,17,2.25375,1.0941666666666665,2022,8
Monday,18,3.4647999999999994,1.4683999999999997,2022,8
Monday,19,3.327083333333333,1.2983333333333331,2022,8
Monday,20,2.4334782608695655,0.9399999999999998,2022,8
Monday,21,2.23952380952381,0.9447619047619049,2022,8
Monday,22,2.1358333333333337,1.08,2022,8
Monday,23,2.8645833333333335,1.2633333333333334,2022,8
