dayOfWeek,hourOfDay,P1,P2,year,month
Tuesday,0,6.6475,3.424166666666667,2022,3
Tuesday,1,8.630799999999999,4.017599999999999,2022,3
Tuesday,2,12.4032,3.458799999999999,2022,3
Tuesday,3,15.585833333333333,3.164583333333334,2022,3
Tuesday,4,17.2404,3.306,2022,3
Tuesday,5,20.8112,4.817199999999999,2022,3
Tuesday,6,24.623333333333335,7.115416666666666,2022,3
Tuesday,7,23.298399999999997,7.2836,2022,3
Tuesday,8,14.195599999999999,5.0604,2022,3
Tuesday,9,15.712083333333334,5.699999999999999,2022,3
Tuesday,10,17.86625,5.537499999999999,2022,3
Tuesday,11,17.011176470588232,5.277647058823529,2022,3
Tuesday,12,11.76695652173913,4.0056521739130435,2022,3
Tuesday,13,7.735652173913041,2.918260869565217,2022,3
Tuesday,14,10.480952380952381,3.2628571428571425,2022,3
Tuesday,15,11.574000000000002,4.127200000000001,2022,3
Tuesday,16,11.534583333333332,3.5324999999999993,2022,3
Tuesday,17,8.589166666666667,3.2100000000000004,2022,3
Tuesday,18,9.487916666666665,3.64625,2022,3
Tuesday,19,14.354800000000001,5.026400000000001,2022,3
Tuesday,20,14.256000000000002,5.813199999999999,2022,3
Tuesday,21,11.437500000000002,5.984999999999999,2022,3
Tuesday,22,9.421999999999999,5.7192,2022,3
Tuesday,23,9.6164,6.258399999999999,2022,3
