dayOfWeek,hourOfDay,P1,P2,year,month
Monday,0,2.260833333333333,0.72375,2022,8
Monday,1,2.0811111111111114,0.7005555555555554,2022,8
Monday,2,2.137916666666667,0.7266666666666667,2022,8
Monday,3,2.4836,0.7900000000000001,2022,8
Monday,4,2.5175,0.8012499999999999,2022,8
Monday,5,3.5144,0.8700000000000001,2022,8
Monday,6,4.094399999999999,0.9279999999999999,2022,8
Monday,7,7.100833333333334,1.2612499999999998,2022,8
Monday,8,4.2058333333333335,0.9529166666666667,2022,8
Monday,9,4.20608695652174,0.9634782608695652,2022,8
Monday,10,3.012857142857143,0.9914285714285714,2022,8
Monday,11,3.3482352941176474,0.9894117647058823,2022,8
Monday,12,3.6217391304347823,1.0317391304347827,2022,8
Monday,13,2.475,0.7916666666666665,2022,8
Monday,14,1.7504,0.7580000000000001,2022,8
Monday,15,2.1471999999999998,0.9403999999999999,2022,8
Monday,16,2.2062500000000003,0.9995833333333332,2022,8
Monday,17,3.1331999999999995,1.3567999999999998,2022,8
Monday,18,4.651999999999999,1.2488000000000001,2022,8
Monday,19,3.0660869565217395,1.0308695652173911,2022,8
Monday,20,1.996666666666667,0.8066666666666666,2022,8
Monday,21,2.484545454545455,1.0590909090909089,2022,8
Monday,22,3.0185714285714287,1.187142857142857,2022,8
Monday,23,3.3160869565217395,1.3269565217391304,2022,8
