dayOfWeek,hourOfDay,P1,P2,year,month
Friday,0,2.770000000000001,1.779583333333333,2022,4
Friday,1,3.2516666666666665,1.5562499999999997,2022,4
Friday,2,3.1820000000000004,1.4312,2022,4
Friday,3,2.6016666666666666,1.3716666666666668,2022,4
Friday,4,3.312727272727273,1.2340909090909091,2022,4
Friday,5,3.1273684210526316,1.3300000000000005,2022,4
Friday,6,3.814117647058823,1.5588235294117647,2022,4
Friday,7,3.8836,1.5412000000000003,2022,4
Friday,8,6.72125,1.5041666666666664,2022,4
Friday,9,4.195652173913044,1.2060869565217391,2022,4
Friday,10,4.2155,1.0975000000000001,2022,4
Friday,11,3.4805882352941175,1.11,2022,4
Friday,12,2.9015,1.0525000000000002,2022,4
Friday,13,2.953181818181818,1.1513636363636364,2022,4
Friday,14,3.18,1.2172,2022,4
Friday,15,2.35875,1.215833333333333,2022,4
Friday,16,2.5620000000000003,1.15,2022,4
Friday,17,5.198750000000001,2.6545833333333335,2022,4
Friday,18,3.3760869565217395,1.7434782608695656,2022,4
Friday,19,4.095263157894737,2.0700000000000003,2022,4
Friday,20,7.207199999999999,3.658399999999999,2022,4
Friday,21,4.782,2.9500000000000006,2022,4
Friday,22,8.56625,5.408333333333332,2022,4
Friday,23,7.075200000000001,4.6964,2022,4
Saturday,0,12.302799999999998,7.077599999999999,2022,4
Saturday,1,12.910833333333336,7.328333333333334,2022,4
Saturday,2,9.508799999999999,6.143199999999999,2022,4
Saturday,3,10.943333333333333,6.569999999999999,2022,4
Saturday,4,9.5912,5.882000000000001,2022,4
Saturday,5,9.1748,5.4604,2022,4
Saturday,6,10.86,6.541666666666668,2022,4
Saturday,7,10.495652173913044,6.53,2022,4
Saturday,8,4.0321428571428575,2.4985714285714287,2022,4
Saturday,9,5.968181818181819,3.021818181818182,2022,4
Saturday,10,5.760952380952381,3.29952380952381,2022,4
Saturday,11,4.599,2.2119999999999997,2022,4
Saturday,12,4.19391304347826,2.175217391304348,2022,4
Saturday,13,4.609473684210528,2.5666666666666664,2022,4
Saturday,14,4.177272727272728,2.2800000000000002,2022,4
Saturday,15,3.826923076923077,2.2484615384615383,2022,4
Saturday,16,3.9609090909090905,1.9186363636363637,2022,4
Saturday,17,3.3616666666666664,2.0933333333333333,2022,4
Saturday,18,5.019583333333333,2.6025000000000005,2022,4
Saturday,19,8.136399999999997,4.574000000000001,2022,4
Saturday,20,14.5512,7.179599999999998,2022,4
Saturday,21,11.23,5.482,2022,4
