dayOfWeek,hourOfDay,P1,P2,year,month
Tuesday,8,4.563043478260869,1.1356521739130436,2022,11
Tuesday,9,3.9273913043478275,1.0691304347826083,2022,11
Tuesday,10,4.514499999999999,1.0844999999999998,2022,11
Tuesday,11,2.038,0.8110000000000002,2022,11
Tuesday,12,3.481111111111111,0.9777777777777779,2022,11
Tuesday,13,4.3428571428571425,0.9985714285714286,2022,11
Tuesday,14,4.338666666666667,1.0513333333333335,2022,11
Tuesday,15,4.741818181818183,1.1354545454545455,2022,11
Tuesday,16,3.1955000000000005,0.8894999999999997,2022,11
Tuesday,17,4.780434782608696,1.232608695652174,2022,11
Tuesday,18,6.264,1.4150000000000003,2022,11
Tuesday,19,5.321578947368421,1.556315789473684,2022,11
Tuesday,20,6.763636363636363,1.7077272727272723,2022,11
Tuesday,21,7.472857142857143,2.0985714285714288,2022,11
Tuesday,22,9.682608695652174,3.2043478260869565,2022,11
Tuesday,23,9.648695652173913,3.3286956521739133,2022,11
