dayOfWeek,hourOfDay,P1,P2,year,month
Saturday,0,20.977200000000003,8.574399999999999,2022,1
Saturday,1,16.848750000000003,5.993333333333333,2022,1
Saturday,2,19.132,5.7924,2022,1
Saturday,3,19.1484,5.3364,2022,1
Saturday,4,15.435833333333333,4.678333333333334,2022,1
Saturday,5,16.3772,4.6656,2022,1
Saturday,6,13.629583333333334,3.513333333333333,2022,1
Saturday,7,14.037199999999999,3.4307999999999996,2022,1
Saturday,8,17.014800000000005,3.6256000000000004,2022,1
Saturday,9,20.195199999999996,3.9704000000000006,2022,1
Saturday,10,25.433636363636364,4.761363636363635,2022,1
Saturday,11,30.905882352941177,5.2688235294117645,2022,1
Saturday,12,34.488749999999996,5.674375,2022,1
Saturday,13,35.26083333333333,5.9125000000000005,2022,1
Saturday,14,38.856363636363646,6.236363636363637,2022,1
Saturday,15,39.76391304347827,6.230869565217391,2022,1
Saturday,16,42.51,6.747727272727272,2022,1
Saturday,17,41.635714285714286,6.254285714285713,2022,1
Saturday,18,40.537894736842105,6.571052631578948,2022,1
Saturday,19,42.632380952380956,6.763809523809523,2022,1
Saturday,20,41.7292,6.357599999999999,2022,1
Saturday,21,37.32875000000001,5.762083333333334,2022,1
Saturday,22,34.0596,5.2516,2022,1
Saturday,23,32.9575,5.124583333333333,2022,1
Sunday,0,30.48875,4.5183333333333335,2022,1
Sunday,1,30.894166666666663,4.516666666666667,2022,1
Sunday,2,27.860833333333332,4.19,2022,1
Sunday,3,19.054000000000002,3.3416,2022,1
Sunday,4,11.637083333333335,1.8683333333333332,2022,1
Sunday,5,17.370399999999997,2.2700000000000005,2022,1
Sunday,6,13.206000000000001,1.9424000000000003,2022,1
Sunday,7,11.046800000000001,1.6904000000000001,2022,1
Sunday,8,6.9575,1.2366666666666666,2022,1
Sunday,9,3.3368000000000007,0.8164,2022,1
Sunday,10,3.9127272727272735,0.9131818181818182,2022,1
Sunday,11,4.295,1.0255555555555556,2022,1
Sunday,12,8.474545454545453,1.4972727272727275,2022,1
Sunday,13,7.859444444444445,1.6244444444444444,2022,1
Sunday,14,10.094090909090909,1.6854545454545458,2022,1
Sunday,15,14.4248,2.2376,2022,1
Sunday,16,16.8676,2.6804,2022,1
Sunday,17,16.534166666666668,2.494166666666667,2022,1
Sunday,18,18.363999999999997,2.8296000000000006,2022,1
Sunday,19,20.397499999999997,3.1475000000000004,2022,1
Sunday,20,18.720399999999994,3.2104000000000004,2022,1
Sunday,21,20.393199999999997,3.2551999999999994,2022,1
Sunday,22,20.92625,3.346666666666666,2022,1
Sunday,23,21.280416666666667,3.20375,2022,1
