dayOfWeek,hourOfDay,P1,P2,year,month
Saturday,0,40.9,18.476,2022,1
Saturday,1,22.638333333333332,7.286666666666665,2022,1
Saturday,2,23.59739130434783,6.82391304347826,2022,1
Saturday,3,21.463478260869564,5.845652173913043,2022,1
Saturday,4,19.718260869565217,5.1982608695652175,2022,1
Saturday,5,19.37208333333333,4.720416666666668,2022,1
Saturday,6,15.892000000000001,3.7623999999999995,2022,1
Saturday,7,16.513333333333335,3.5345833333333325,2022,1
Saturday,8,18.140416666666663,3.442083333333334,2022,1
Saturday,9,22.955416666666665,3.995833333333333,2022,1
Saturday,10,30.700000000000006,4.596500000000001,2022,1
Saturday,11,37.878,5.300999999999999,2022,1
Saturday,12,43.037142857142854,5.895714285714286,2022,1
Saturday,13,42.91666666666666,5.883333333333334,2022,1
Saturday,14,48.38333333333333,6.358888888888889,2022,1
Saturday,15,50.12272727272727,6.382727272727274,2022,1
Saturday,16,47.784210526315796,6.566842105263156,2022,1
Saturday,17,47.64578947368421,6.61,2022,1
Saturday,18,48.35863636363637,6.320454545454544,2022,1
Saturday,19,46.66142857142857,6.17,2022,1
Saturday,20,46.71880000000001,6.0996000000000015,2022,1
Saturday,21,41.44416666666666,5.573333333333333,2022,1
Saturday,22,37.62440000000001,5.079599999999999,2022,1
Saturday,23,36.39782608695651,4.693913043478261,2022,1
