dayOfWeek,hourOfDay,P1,P2,year,month
Wednesday,17,14.350000000000001,3.75,2022,10
Wednesday,18,11.589583333333335,4.465000000000001,2022,10
Wednesday,19,10.811599999999997,4.734799999999999,2022,10
Wednesday,20,12.003749999999998,5.093333333333333,2022,10
Wednesday,21,11.511600000000001,4.1528,2022,10
Wednesday,22,12.832500000000001,4.18375,2022,10
Wednesday,23,14.5944,5.527200000000001,2022,10
