dayOfWeek,hourOfDay,P1,P2,year,month
Saturday,0,33.915,14.248750000000001,2022,1
Saturday,1,21.845199999999995,7.4456000000000016,2022,1
Saturday,2,23.641739130434782,7.282608695652174,2022,1
Saturday,3,21.797600000000006,6.3355999999999995,2022,1
Saturday,4,18.61791666666667,5.516249999999999,2022,1
Saturday,5,17.7624,4.893999999999999,2022,1
Saturday,6,15.300000000000002,4.005,2022,1
Saturday,7,17.270400000000002,4.0652,2022,1
Saturday,8,18.0216,3.8815999999999997,2022,1
Saturday,9,22.861666666666665,4.400416666666666,2022,1
Saturday,10,30.69952380952381,5.952857142857143,2022,1
Saturday,11,35.7975,6.423499999999999,2022,1
Saturday,12,39.99782608695652,6.970869565217391,2022,1
Saturday,13,44.056363636363635,7.367272727272728,2022,1
Saturday,14,46.63894736842105,7.329473684210526,2022,1
Saturday,15,49.36043478260869,7.490869565217391,2022,1
Saturday,16,49.485238095238095,7.962857142857144,2022,1
Saturday,17,48.210476190476186,7.590000000000001,2022,1
Saturday,18,49.88291666666666,7.660833333333334,2022,1
Saturday,19,47.93250000000001,7.5825,2022,1
Saturday,20,46.68958333333333,7.552499999999999,2022,1
Saturday,21,44.093599999999995,6.9604,2022,1
Saturday,22,43.5972,7.060399999999998,2022,1
Saturday,23,41.43695652173913,7.2752173913043485,2022,1
