dayOfWeek,hourOfDay,P1,P2,year,month
Saturday,0,31.49791666666667,10.18,2022,1
Saturday,1,26.418333333333337,7.0683333333333325,2022,1
Saturday,2,28.343333333333334,7.642083333333335,2022,1
Saturday,3,27.742000000000004,6.563599999999999,2022,1
Saturday,4,26.1548,5.974799999999999,2022,1
Saturday,5,25.134166666666673,5.450833333333333,2022,1
Saturday,6,22.179199999999994,4.436400000000001,2022,1
Saturday,7,22.760399999999994,4.248000000000001,2022,1
Saturday,8,23.969583333333336,4.172916666666666,2022,1
Saturday,9,31.779199999999996,4.839999999999999,2022,1
Saturday,10,39.212,5.641500000000001,2022,1
Saturday,11,46.7895652173913,6.2443478260869565,2022,1
Saturday,12,52.03388888888888,6.971111111111111,2022,1
Saturday,13,61.6775,7.703333333333333,2022,1
Saturday,14,63.292380952380945,7.78952380952381,2022,1
Saturday,15,70.89166666666668,7.965416666666667,2022,1
Saturday,16,68.01782608695652,8.161304347826086,2022,1
Saturday,17,73.45217391304347,9.20086956521739,2022,1
Saturday,18,75.461,8.872000000000002,2022,1
Saturday,19,77.16739130434783,9.158695652173911,2022,1
Saturday,20,73.25916666666667,8.84375,2022,1
Saturday,21,70.68440000000001,8.7116,2022,1
Saturday,22,66.48840000000001,7.5012,2022,1
Saturday,23,56.49086956521739,6.4995652173913046,2022,1
