dayOfWeek,hourOfDay,P1,P2,year,month
Saturday,0,28.184583333333336,11.166666666666664,2022,1
Saturday,1,19.733333333333338,6.41125,2022,1
Saturday,2,19.889583333333334,6.303333333333335,2022,1
Saturday,3,18.5032,5.3792,2022,1
Saturday,4,18.7804,5.059200000000001,2022,1
Saturday,5,16.03541666666666,4.347916666666666,2022,1
Saturday,6,14.7476,3.51,2022,1
Saturday,7,13.651200000000003,3.3148,2022,1
Saturday,8,16.71583333333333,3.381666666666666,2022,1
Saturday,9,20.502000000000002,3.6392,2022,1
Saturday,10,23.970000000000002,4.217,2022,1
Saturday,11,32.97739130434782,4.997391304347826,2022,1
Saturday,12,33.27,5.193684210526316,2022,1
Saturday,13,38.51250000000001,5.653333333333332,2022,1
Saturday,14,41.61681818181818,5.826818181818182,2022,1
Saturday,15,41.0559090909091,5.879545454545454,2022,1
Saturday,16,42.3635,6.186999999999999,2022,1
Saturday,17,41.31043478260869,6.167826086956521,2022,1
Saturday,18,40.75318181818182,5.733636363636364,2022,1
Saturday,19,43.55695652173914,6.374782608695653,2022,1
Saturday,20,40.68240000000001,5.8031999999999995,2022,1
Saturday,21,38.81333333333333,5.570416666666666,2022,1
Saturday,22,35.24800000000001,4.990400000000001,2022,1
Saturday,23,32.06260869565217,4.750869565217391,2022,1
