dayOfWeek,hourOfDay,P1,P2,year,month
Friday,0,11.805217391304348,5.324347826086957,2022,9
Friday,1,13.00875,6.496250000000001,2022,9
Friday,2,13.778000000000002,6.64,2022,9
Friday,3,13.25,5.726249999999999,2022,9
Friday,4,15.100000000000001,6.1452,2022,9
Friday,5,14.955199999999996,6.639599999999999,2022,9
Friday,6,15.399999999999991,5.8952173913043495,2022,9
Friday,7,15.6224,4.605599999999999,2022,9
Friday,8,16.717083333333335,4.305416666666667,2022,9
Friday,9,14.833125000000004,4.015,2022,9
Friday,10,12.447333333333331,3.718666666666666,2022,9
Friday,11,11.367857142857142,3.7399999999999998,2022,9
Friday,12,12.469411764705884,3.8394117647058827,2022,9
Friday,13,9.665714285714285,3.6271428571428572,2022,9
Friday,14,10.684285714285714,3.608571428571428,2022,9
Friday,15,9.679599999999999,3.2932,2022,9
Friday,16,10.40391304347826,3.533913043478261,2022,9
Friday,17,11.245500000000002,3.501,2022,9
Friday,18,12.51,3.6753846153846155,2022,9
Friday,19,13.054347826086959,3.840434782608696,2022,9
Friday,20,14.422666666666665,4.465333333333334,2022,9
Friday,21,14.941666666666668,4.6475,2022,9
Friday,22,13.60388888888889,5.211111111111112,2022,9
Friday,23,14.560833333333335,6.689166666666668,2022,9
Thursday,0,6.927199999999999,1.794,2022,9
Thursday,1,7.129999999999999,1.8391304347826085,2022,9
Thursday,2,7.785,2.1570833333333335,2022,9
Thursday,3,8.978749999999998,2.558333333333334,2022,9
Thursday,4,8.356400000000002,2.7215999999999996,2022,9
Thursday,5,10.348333333333331,3.127083333333333,2022,9
Thursday,6,11.033913043478261,3.234347826086956,2022,9
Thursday,7,14.154166666666667,3.01125,2022,9
Thursday,8,12.281739130434781,2.59304347826087,2022,9
Thursday,9,10.097142857142856,2.1421428571428573,2022,9
Thursday,10,10.289473684210527,2.081578947368422,2022,9
Thursday,11,8.5875,1.9531250000000002,2022,9
Thursday,12,8.58090909090909,2.111818181818182,2022,9
Thursday,13,7.928260869565217,2.3556521739130436,2022,9
Thursday,14,9.540000000000001,2.4362500000000002,2022,9
Thursday,15,7.847999999999997,2.2680000000000002,2022,9
Thursday,16,8.035625,2.996875,2022,9
Thursday,17,7.235625,2.98625,2022,9
Thursday,18,7.910000000000001,3.497692307692307,2022,9
Thursday,19,7.283125,2.6768750000000003,2022,9
Thursday,20,7.989285714285715,2.872857142857143,2022,9
Thursday,21,8.811764705882352,3.09,2022,9
Thursday,22,9.747083333333332,3.4925,2022,9
Thursday,23,9.89,3.410400000000001,2022,9
