dayOfWeek,hourOfDay,P1,P2,year,month
Monday,18,9.35,2.033333333333333,2022,2
Monday,19,10.194285714285714,1.7871428571428571,2022,2
Monday,20,7.997142857142857,1.4114285714285713,2022,2
Monday,21,10.815,1.8629166666666668,2022,2
Monday,22,10.082,1.6112,2022,2
Monday,23,7.959130434782607,1.3021739130434784,2022,2
