dayOfWeek,hourOfDay,P1,P2,year,month
Tuesday,0,10.96625,5.69,2022,3
Tuesday,1,12.741599999999998,5.847599999999999,2022,3
Tuesday,2,13.297499999999998,4.911666666666666,2022,3
Tuesday,3,16.218,4.328800000000001,2022,3
Tuesday,4,17.3492,4.2568,2022,3
Tuesday,5,21.00041666666667,6.170416666666664,2022,3
Tuesday,6,27.757200000000008,9.3192,2022,3
Tuesday,7,25.222799999999996,9.579999999999998,2022,3
Tuesday,8,16.51,7.180416666666666,2022,3
Tuesday,9,19.317999999999998,7.564,2022,3
Tuesday,10,17.478333333333328,6.590416666666666,2022,3
Tuesday,11,16.777916666666666,6.77,2022,3
Tuesday,12,12.568333333333335,5.33,2022,3
Tuesday,13,8.563636363636363,3.7540909090909094,2022,3
Tuesday,14,11.216666666666669,5.165,2022,3
Tuesday,15,12.214400000000001,5.416399999999999,2022,3
Tuesday,16,11.26,4.532,2022,3
Tuesday,17,7.798333333333335,3.4679166666666674,2022,3
Tuesday,18,11.602799999999997,5.4912,2022,3
Tuesday,19,14.929166666666662,6.623333333333334,2022,3
Tuesday,20,14.472800000000001,7.152800000000001,2022,3
Tuesday,21,14.159599999999998,7.680400000000002,2022,3
Tuesday,22,14.57875,8.342083333333333,2022,3
Tuesday,23,14.03375,7.973749999999999,2022,3
