dayOfWeek,hourOfDay,P1,P2,year,month
Saturday,0,9.830454545454545,1.728181818181818,2022,10
Saturday,1,6.374,1.1553333333333333,2022,10
Saturday,2,8.22,1.405,2022,10
Saturday,3,8.837083333333332,1.507083333333333,2022,10
Saturday,4,8.0224,1.3660000000000005,2022,10
Saturday,5,8.10391304347826,1.422173913043478,2022,10
Saturday,6,7.845416666666669,1.5050000000000001,2022,10
Saturday,7,7.750454545454545,1.337272727272727,2022,10
Saturday,8,7.629583333333333,1.4962499999999999,2022,10
Saturday,9,7.916875000000001,1.3825,2022,10
Saturday,10,7.541818181818184,1.2440909090909091,2022,10
Saturday,11,6.074285714285715,1.1785714285714286,2022,10
Saturday,12,5.9592307692307696,1.2776923076923077,2022,10
Saturday,13,7.47470588235294,1.3329411764705883,2022,10
Saturday,14,8.64777777777778,1.5566666666666664,2022,10
Saturday,15,9.30777777777778,1.7033333333333334,2022,10
Saturday,16,8.729473684210525,1.4221052631578948,2022,10
Saturday,17,7.152399999999999,1.3976,2022,10
Saturday,18,6.668235294117648,1.3135294117647058,2022,10
Saturday,19,8.794166666666667,1.6575,2022,10
Saturday,20,7.635384615384617,1.5338461538461539,2022,10
Saturday,21,7.233999999999999,1.326,2022,10
Saturday,22,6.65,1.3428571428571427,2022,10
Saturday,23,6.84125,2.27125,2022,10
