dayOfWeek,hourOfDay,P1,P2,year,month
Monday,14,16.89923076923077,5.921538461538461,2022,12
Monday,15,14.952352941176471,5.253529411764706,2022,12
Monday,16,18.696666666666673,6.753333333333333,2022,12
Monday,17,16.664799999999996,5.8796,2022,12
Monday,18,19.3264,7.325200000000001,2022,12
Monday,19,21.0325,7.545833333333333,2022,12
Monday,20,20.0664,7.203200000000001,2022,12
Monday,21,15.266250000000001,4.855416666666666,2022,12
Monday,22,13.206799999999998,3.9484000000000004,2022,12
Monday,23,17.360000000000003,5.252916666666667,2022,12
