dayOfWeek,hourOfDay,P1,P2,year,month
Tuesday,0,17.82434782608696,3.074782608695652,2022,2
Tuesday,1,18.106521739130432,3.783913043478261,2022,2
Tuesday,2,16.814583333333335,3.8699999999999997,2022,2
Tuesday,3,20.708333333333325,4.195000000000001,2022,2
Tuesday,4,17.88083333333333,4.27,2022,2
Tuesday,5,15.37083333333333,3.5170833333333333,2022,2
Tuesday,6,14.2816,4.2672,2022,2
Tuesday,7,21.33125,6.271666666666668,2022,2
Tuesday,8,25.9892,8.7076,2022,2
Tuesday,9,10.779166666666667,4.147083333333334,2022,2
Tuesday,10,7.0547826086956515,2.818260869565217,2022,2
Tuesday,11,10.233478260869566,3.612608695652174,2022,2
Tuesday,12,10.590476190476192,3.3947619047619044,2022,2
Tuesday,13,9.802499999999998,2.9895000000000005,2022,2
Tuesday,14,10.99130434782609,2.4730434782608697,2022,2
Tuesday,15,11.42217391304348,2.8973913043478263,2022,2
Tuesday,16,11.536800000000001,2.7132000000000005,2022,2
Tuesday,17,9.659999999999998,2.380833333333333,2022,2
Tuesday,18,11.039565217391303,3.6691304347826086,2022,2
Tuesday,19,8.891666666666666,3.1762499999999996,2022,2
Tuesday,20,15.761249999999997,5.460416666666667,2022,2
Tuesday,21,16.404,6.089999999999999,2022,2
Tuesday,22,15.764800000000001,5.9528,2022,2
Tuesday,23,16.34136363636364,5.911363636363637,2022,2
