dayOfWeek,hourOfDay,P1,P2,year,month
Monday,12,13.164444444444445,3.241111111111111,2022,1
Monday,13,12.37913043478261,3.262173913043479,2022,1
Monday,14,13.27772727272727,3.3390909090909093,2022,1
Monday,15,14.259583333333332,3.2458333333333336,2022,1
Monday,16,20.5964,5.345599999999999,2022,1
Monday,17,42.177600000000005,15.4544,2022,1
Monday,18,49.79125,20.23916666666667,2022,1
Monday,19,67.1196,28.556000000000008,2022,1
Monday,20,77.2525,34.158750000000005,2022,1
Monday,21,77.1476,32.9616,2022,1
Monday,22,80.24560000000001,33.991600000000005,2022,1
Monday,23,75.98708333333332,32.05041666666666,2022,1
