dayOfWeek,hourOfDay,P1,P2,year,month
Saturday,0,24.040833333333335,3.77875,2022,10
Saturday,1,23.89833333333333,3.287777777777778,2022,10
Saturday,2,23.149411764705885,3.318235294117647,2022,10
Saturday,3,22.999199999999995,3.6936,2022,10
Saturday,4,21.84166666666667,3.5208333333333335,2022,10
Saturday,5,21.203200000000002,3.2624,2022,10
Saturday,6,22.269999999999996,3.527916666666666,2022,10
Saturday,7,19.968,3.1391999999999998,2022,10
Saturday,8,19.55521739130435,3.2186956521739125,2022,10
Saturday,9,19.953125,3.213125,2022,10
Saturday,10,17.2905,2.811,2022,10
Saturday,11,16.90533333333333,2.7646666666666673,2022,10
Saturday,12,15.123636363636365,2.5654545454545454,2022,10
Saturday,13,17.585882352941184,2.7976470588235296,2022,10
Saturday,14,22.402499999999996,3.54875,2022,10
Saturday,15,23.2425,3.3810000000000002,2022,10
Saturday,16,22.163809523809523,3.4928571428571424,2022,10
Saturday,17,19.547199999999997,3.2864,2022,10
Saturday,18,19.376470588235296,3.036470588235294,2022,10
Saturday,19,27.673999999999996,4.444000000000001,2022,10
Saturday,20,25.13642857142857,4.197857142857143,2022,10
Saturday,21,21.74,3.845,2022,10
Saturday,22,23.636666666666663,3.7744444444444443,2022,10
Saturday,23,32.24166666666667,9.009166666666665,2022,10
