dayOfWeek,hourOfDay,P1,P2,year,month
Thursday,14,6.294285714285713,3.119285714285714,2022,3
Thursday,16,3.9166666666666665,1.7850000000000001,2022,3
Thursday,17,4.9,1.9649999999999999,2022,3
Thursday,18,24.200769230769232,14.386153846153844,2022,3
Thursday,19,21.657083333333333,12.20125,2022,3
Thursday,20,14.404285714285717,7.219523809523808,2022,3
Thursday,21,2.3232000000000004,1.5932000000000002,2022,3
Thursday,22,2.87625,1.8141666666666663,2022,3
Thursday,23,2.6100000000000003,1.4887499999999998,2022,3
