dayOfWeek,hourOfDay,P1,P2,year,month
Tuesday,0,30.15913043478261,3.750869565217392,2022,2
Tuesday,1,30.930869565217385,4.613043478260869,2022,2
Tuesday,2,31.11416666666666,5.033333333333333,2022,2
Tuesday,3,32.8612,5.452800000000001,2022,2
Tuesday,4,33.76208333333333,6.315833333333333,2022,2
Tuesday,5,23.381250000000005,4.841666666666667,2022,2
Tuesday,6,26.055199999999996,6.1128,2022,2
Tuesday,7,37.829600000000006,9.2104,2022,2
Tuesday,8,52.77043478260871,12.920869565217394,2022,2
Tuesday,9,27.251599999999993,6.491199999999999,2022,2
Tuesday,10,15.449047619047619,3.54952380952381,2022,2
Tuesday,11,46.46818181818182,6.619545454545454,2022,2
Tuesday,12,19.8664705882353,5.108823529411765,2022,2
Tuesday,13,38.00913043478261,5.813043478260869,2022,2
Tuesday,14,31.92863636363636,4.104090909090909,2022,2
Tuesday,15,26.875909090909087,4.750909090909091,2022,2
Tuesday,16,23.329130434782606,4.67086956521739,2022,2
Tuesday,17,20.3808,4.024,2022,2
Tuesday,18,18.765833333333333,5.476666666666667,2022,2
Tuesday,19,15.37833333333333,4.496666666666666,2022,2
Tuesday,20,21.3325,6.093333333333334,2022,2
Tuesday,21,22.601599999999998,6.950399999999999,2022,2
Tuesday,22,19.394166666666667,5.742500000000001,2022,2
Tuesday,23,23.187500000000004,8.103333333333333,2022,2
