dayOfWeek,hourOfDay,P1,P2,year,month
Tuesday,0,9.185652173913043,5.5926086956521734,2022,3
Tuesday,1,12.679583333333333,6.621666666666666,2022,3
Tuesday,2,13.057916666666664,4.889166666666667,2022,3
Tuesday,3,15.969130434782608,4.066086956521739,2022,3
Tuesday,4,16.214347826086954,4.208695652173913,2022,3
Tuesday,5,21.58260869565217,6.008260869565216,2022,3
Tuesday,6,26.359200000000005,9.0156,2022,3
Tuesday,7,24.50166666666667,9.313333333333333,2022,3
Tuesday,8,15.471999999999998,7.480399999999999,2022,3
Tuesday,9,17.723333333333336,7.4157142857142855,2022,3
Tuesday,10,16.755217391304345,6.428260869565217,2022,3
Tuesday,11,17.65619047619047,7.009999999999999,2022,3
Tuesday,12,10.946363636363634,4.887727272727272,2022,3
Tuesday,13,9.348181818181818,4.588181818181818,2022,3
Tuesday,14,9.992608695652173,4.585652173913044,2022,3
Tuesday,15,13.315416666666664,6.133750000000002,2022,3
Tuesday,16,11.853199999999998,4.8312,2022,3
Tuesday,17,9.24,4.22375,2022,3
Tuesday,18,10.573333333333332,5.062500000000001,2022,3
Tuesday,19,12.93333333333333,5.512083333333332,2022,3
Tuesday,20,12.667391304347827,6.997391304347827,2022,3
Tuesday,21,12.032608695652172,7.437391304347826,2022,3
Tuesday,22,11.532272727272728,7.799545454545455,2022,3
Tuesday,23,10.64304347826087,7.666086956521741,2022,3
