dayOfWeek,hourOfDay,P1,P2,year,month
Tuesday,0,9.730799999999999,5.2852,2022,3
Tuesday,1,11.876999999999999,5.57,2022,3
Tuesday,9,18.973478260869566,7.420434782608696,2022,3
Tuesday,10,19.257272727272728,6.681818181818181,2022,3
Tuesday,11,17.541363636363638,6.206363636363636,2022,3
Tuesday,12,13.467142857142859,5.32,2022,3
Tuesday,13,9.889166666666666,4.001666666666666,2022,3
Tuesday,14,9.015,4.34,2022,3
Tuesday,16,13.338,5.312,2022,3
Tuesday,17,15.379,6.319999999999999,2022,3
Tuesday,18,16.04625,7.633333333333333,2022,3
Tuesday,19,16.702499999999997,6.9525,2022,3
Tuesday,20,18.67,8.7372,2022,3
Tuesday,21,26.58695652173913,9.495652173913042,2022,3
Tuesday,22,20.278799999999997,9.894400000000003,2022,3
Tuesday,23,16.32347826086956,9.603913043478263,2022,3
Wednesday,0,15.082083333333335,9.141249999999998,2022,3
Wednesday,1,12.813999999999998,8.2516,2022,3
Wednesday,2,15.154782608695653,9.40782608695652,2022,3
Wednesday,3,17.0148,10.599200000000002,2022,3
Wednesday,4,20.823478260869564,12.247826086956522,2022,3
Wednesday,5,40.22217391304348,15.589130434782607,2022,3
Wednesday,6,42.629,19.375500000000002,2022,3
Wednesday,7,114.37782608695652,28.439130434782605,2022,3
Wednesday,8,114.4286363636364,32.653181818181814,2022,3
Wednesday,9,94.4857142857143,29.123333333333328,2022,3
Wednesday,10,76.901,27.201500000000003,2022,3
Wednesday,11,49.885217391304344,21.83478260869565,2022,3
Wednesday,12,54.25749999999999,16.5355,2022,3
Wednesday,13,25.066111111111113,12.649444444444446,2022,3
Wednesday,14,39.84809523809523,19.690476190476186,2022,3
Wednesday,15,36.78190476190476,20.000952380952377,2022,3
Wednesday,16,33.29466666666667,19.176666666666666,2022,3
Wednesday,17,35.114999999999995,19.23,2022,3
Wednesday,18,34.902857142857144,18.300714285714285,2022,3
Wednesday,19,32.58571428571428,16.837619047619047,2022,3
Wednesday,20,29.57428571428572,15.406666666666665,2022,3
Wednesday,21,30.75090909090909,15.814545454545454,2022,3
Wednesday,22,37.284,18.693599999999996,2022,3
Wednesday,23,48.42749999999999,23.08791666666666,2022,3
