dayOfWeek,hourOfDay,P1,P2,year,month
Wednesday,21,9.13,2.3,2022,3
Wednesday,22,8.322916666666666,3.4158333333333335,2022,3
Wednesday,23,9.927999999999999,3.6291999999999995,2022,3
