dayOfWeek,hourOfDay,P1,P2,year,month
Tuesday,0,17.62434782608696,2.9778260869565214,2022,2
Tuesday,1,16.697391304347825,3.3734782608695646,2022,2
Tuesday,2,17.91636363636363,3.8772727272727283,2022,2
Tuesday,3,18.47041666666667,3.7466666666666666,2022,2
Tuesday,4,19.028799999999993,4.3496,2022,2
Tuesday,5,14.859583333333333,3.7383333333333333,2022,2
Tuesday,6,14.6964,4.8500000000000005,2022,2
Tuesday,7,19.569583333333334,7.006249999999999,2022,2
Tuesday,8,25.476666666666663,9.349166666666667,2022,2
Tuesday,9,12.90625,5.0756250000000005,2022,2
Tuesday,10,6.582941176470587,2.825294117647059,2022,2
Tuesday,11,7.782000000000001,3.1180000000000003,2022,2
Tuesday,12,10.162727272727272,3.5486363636363634,2022,2
Tuesday,13,10.75181818181818,3.2881818181818177,2022,2
Tuesday,14,12.36714285714286,2.698571428571429,2022,2
Tuesday,15,12.415263157894737,3.09421052631579,2022,2
Tuesday,16,13.450434782608694,3.402173913043478,2022,2
Tuesday,17,13.068636363636363,3.502727272727272,2022,2
Tuesday,18,20.218181818181815,8.701818181818183,2022,2
Tuesday,19,14.39086956521739,6.449130434782608,2022,2
Tuesday,20,14.712799999999993,5.567200000000001,2022,2
Tuesday,21,12.846086956521741,5.395217391304347,2022,2
Tuesday,22,12.046800000000001,5.026399999999999,2022,2
Tuesday,23,13.739999999999997,5.930000000000001,2022,2
