dayOfWeek,hourOfDay,P1,P2,year,month
Wednesday,13,24.98666666666667,4.91,2023,1
Wednesday,14,31.230999999999995,5.539999999999999,2023,1
Wednesday,15,35.43208333333333,5.555416666666667,2023,1
Wednesday,16,33.05279999999999,5.370400000000001,2023,1
Wednesday,17,32.6375,5.66375,2023,1
Wednesday,18,32.9308,5.597199999999999,2023,1
Wednesday,19,32.4276,5.222399999999999,2023,1
Wednesday,20,32.22625,5.5125,2023,1
Wednesday,21,28.067199999999993,4.923999999999999,2023,1
Wednesday,22,24.572799999999997,3.869600000000001,2023,1
Wednesday,23,27.182916666666667,4.309166666666666,2023,1
