dayOfWeek,hourOfDay,P1,P2,year,month
Sunday,0,5.6575999999999995,1.7116000000000002,2023,1
Sunday,1,8.962727272727271,1.746818181818182,2023,1
Sunday,2,9.725999999999999,1.9984999999999995,2023,1
Sunday,3,11.817647058823528,2.0288235294117647,2023,1
Sunday,4,10.545,1.7683333333333335,2023,1
Sunday,5,7.190416666666665,1.4929166666666667,2023,1
Sunday,6,9.478399999999999,1.6603999999999999,2023,1
Sunday,7,11.865999999999994,1.8432000000000002,2023,1
Sunday,8,12.934166666666668,2.0920833333333335,2023,1
Sunday,9,14.663043478260867,2.4186956521739127,2023,1
Sunday,10,12.792,2.3105,2023,1
Sunday,11,16.571428571428566,2.5990476190476195,2023,1
Sunday,12,15.607142857142856,2.8249999999999993,2023,1
Sunday,13,18.54181818181818,2.852727272727273,2023,1
Sunday,14,22.586086956521736,3.343043478260869,2023,1
Sunday,15,23.58565217391304,3.4417391304347817,2023,1
Sunday,16,11.988750000000001,2.308333333333334,2023,1
Sunday,17,7.326400000000001,1.8179999999999998,2023,1
Sunday,18,6.379545454545453,1.7418181818181822,2023,1
Sunday,19,6.322608695652175,2.0652173913043477,2023,1
Sunday,20,7.075199999999998,2.8479999999999994,2023,1
Sunday,21,5.75695652173913,1.6256521739130438,2023,1
Sunday,22,4.788333333333335,1.261666666666667,2023,1
Sunday,23,5.891249999999999,1.3491666666666668,2023,1
