dayOfWeek,hourOfDay,P1,P2,year,month
Monday,0,9.032800000000002,2.0748,2023,1
Monday,1,11.507857142857143,2.3678571428571433,2023,1
Monday,17,12.567727272727273,5.798181818181818,2023,1
Monday,18,28.61904761904762,14.653809523809523,2023,1
Monday,19,49.68842105263158,25.37842105263158,2023,1
Monday,20,55.14083333333334,27.606666666666666,2023,1
Monday,21,31.48,16.476666666666663,2023,1
Monday,22,24.27045454545454,12.095,2023,1
Monday,23,18.24782608695652,9.55608695652174,2023,1
Sunday,0,8.822800000000003,2.1031999999999997,2023,1
Sunday,1,12.994999999999997,2.3579166666666667,2023,1
Sunday,2,15.664374999999998,2.7281250000000004,2023,1
Sunday,3,18.595294117647057,2.875882352941176,2023,1
Sunday,4,13.533199999999999,2.083600000000001,2023,1
Sunday,5,12.240833333333335,1.837083333333334,2023,1
Sunday,6,13.725999999999999,2.0796,2023,1
Sunday,7,17.154999999999998,2.3966666666666665,2023,1
Sunday,8,19.979999999999997,2.8415999999999997,2023,1
Sunday,9,22.286086956521736,3.071739130434782,2023,1
Sunday,10,23.000000000000004,3.2905555555555557,2023,1
Sunday,11,22.778,3.2025000000000006,2023,1
Sunday,12,22.822222222222226,3.3711111111111105,2023,1
Sunday,13,26.602857142857143,3.9085714285714284,2023,1
Sunday,14,32.22529411764705,4.351764705882353,2023,1
Sunday,15,30.82318181818182,4.525,2023,1
Sunday,16,19.53458333333333,3.3287500000000008,2023,1
Sunday,17,10.1096,2.1432000000000007,2023,1
Sunday,18,10.014761904761903,2.8228571428571434,2023,1
Sunday,19,9.208695652173914,3.034782608695653,2023,1
Sunday,20,9.888333333333332,2.9041666666666663,2023,1
Sunday,21,10.286190476190475,2.692857142857142,2023,1
Sunday,22,8.144999999999998,2.6281818181818184,2023,1
Sunday,23,10.075416666666667,4.107499999999999,2023,1
