dayOfWeek,hourOfDay,P1,P2,year,month
Sunday,0,8.290000000000001,2.0275,2023,1
Sunday,1,11.998695652173915,2.1921739130434785,2023,1
Sunday,2,13.949444444444445,2.6722222222222225,2023,1
Sunday,3,15.7425,2.6962499999999996,2023,1
Sunday,4,13.2464,2.1879999999999997,2023,1
Sunday,5,10.583333333333334,1.6970833333333337,2023,1
Sunday,6,12.419999999999998,1.9928000000000003,2023,1
Sunday,7,15.019166666666665,2.284583333333333,2023,1
Sunday,8,17.355999999999998,2.4916000000000005,2023,1
Sunday,9,21.054285714285708,2.860952380952381,2023,1
Sunday,10,21.314117647058822,3.176470588235294,2023,1
Sunday,11,23.093333333333334,4.475238095238096,2023,1
Sunday,12,22.850833333333327,3.445833333333333,2023,1
Sunday,13,24.49181818181818,3.851818181818182,2023,1
Sunday,14,28.785238095238096,4.382380952380954,2023,1
Sunday,15,28.899090909090912,4.3945454545454545,2023,1
Sunday,16,18.813333333333333,3.130000000000001,2023,1
Sunday,17,8.472916666666665,2.0291666666666672,2023,1
Sunday,18,9.272083333333336,2.516666666666667,2023,1
Sunday,19,6.6780952380952385,2.225714285714286,2023,1
Sunday,20,8.279230769230768,2.926923076923077,2023,1
