dayOfWeek,hourOfDay,P1,P2,year,month
Sunday,0,7.546086956521738,1.7121739130434783,2023,1
Sunday,1,8.509545454545455,1.4740909090909091,2023,1
Sunday,2,10.335882352941177,1.9011764705882352,2023,1
Sunday,3,9.424615384615382,1.3961538461538463,2023,1
Sunday,4,10.4225,1.4366666666666668,2023,1
Sunday,5,6.508400000000002,1.0275999999999998,2023,1
Sunday,6,8.585217391304347,1.2047826086956521,2023,1
Sunday,7,10.435599999999999,1.2875999999999999,2023,1
Sunday,8,10.746249999999998,1.3749999999999998,2023,1
Sunday,9,15.20318181818182,1.859545454545455,2023,1
Sunday,10,15.593157894736839,1.9800000000000002,2023,1
Sunday,11,15.822,2.5953333333333335,2023,1
Sunday,12,15.492857142857144,2.3550000000000004,2023,1
Sunday,13,13.043999999999997,2.136,2023,1
Sunday,14,17.44947368421053,2.712105263157894,2023,1
Sunday,15,19.128999999999998,2.7605000000000004,2023,1
Sunday,16,12.823478260869566,2.3308695652173914,2023,1
Sunday,17,7.2296,1.8372000000000002,2023,1
Sunday,18,8.044545454545453,1.9309090909090914,2023,1
Sunday,19,5.56578947368421,1.884210526315789,2023,1
Sunday,20,5.957727272727272,1.8127272727272727,2023,1
Sunday,21,7.08125,1.98625,2023,1
Sunday,22,4.774166666666667,1.1166666666666667,2023,1
Sunday,23,3.8633333333333337,0.9675000000000001,2023,1
