dayOfWeek,hourOfDay,P1,P2,year,month
Monday,0,6.4716,1.5532,2023,1
Monday,1,6.647999999999999,1.489,2023,1
Monday,2,6.2299999999999995,1.4314285714285713,2023,1
Monday,3,5.603888888888889,1.126666666666667,2023,1
Monday,4,6.633809523809525,1.3580952380952378,2023,1
Monday,5,7.877199999999999,1.6087999999999996,2023,1
Monday,6,6.116250000000001,1.8149999999999997,2023,1
Monday,7,7.6684,3.14,2023,1
Monday,8,8.296666666666665,3.224583333333333,2023,1
Monday,9,8.223636363636365,3.2677272727272735,2023,1
Monday,10,5.99,2.871538461538462,2023,1
Monday,11,3.1242105263157893,1.38,2023,1
Monday,12,4.99,1.532,2023,1
Monday,14,4.371428571428572,1.6400000000000003,2023,1
Monday,15,4.338095238095239,1.6180952380952383,2023,1
Monday,16,3.295,1.3583333333333334,2023,1
Sunday,0,5.6575999999999995,1.7116000000000002,2023,1
Sunday,1,8.962727272727271,1.746818181818182,2023,1
Sunday,2,9.725999999999999,1.9984999999999995,2023,1
Sunday,3,11.817647058823528,2.0288235294117647,2023,1
Sunday,4,10.545,1.7683333333333335,2023,1
Sunday,5,7.190416666666665,1.4929166666666667,2023,1
Sunday,6,9.478399999999999,1.6603999999999999,2023,1
Sunday,7,11.865999999999994,1.8432000000000002,2023,1
Sunday,8,12.934166666666668,2.0920833333333335,2023,1
Sunday,9,14.663043478260867,2.4186956521739127,2023,1
Sunday,10,12.792,2.3105,2023,1
Sunday,11,16.571428571428566,2.5990476190476195,2023,1
Sunday,12,15.607142857142856,2.8249999999999993,2023,1
Sunday,13,18.54181818181818,2.852727272727273,2023,1
Sunday,14,22.586086956521736,3.343043478260869,2023,1
Sunday,15,23.58565217391304,3.4417391304347817,2023,1
Sunday,16,11.988750000000001,2.308333333333334,2023,1
Sunday,17,7.326400000000001,1.8179999999999998,2023,1
Sunday,18,6.379545454545453,1.7418181818181822,2023,1
Sunday,19,6.322608695652175,2.0652173913043477,2023,1
Sunday,20,7.075199999999998,2.8479999999999994,2023,1
Sunday,21,5.75695652173913,1.6256521739130438,2023,1
Sunday,22,4.788333333333335,1.261666666666667,2023,1
Sunday,23,5.891249999999999,1.3491666666666668,2023,1
